veto,
are,
one,
water,
inside,
spits,
men,
cake,
looks,
class,
outside,
inside,
front,
coffee,
talks,
try,
hand,
hat,
way,
urine,
had,
guy,
display,
chasing,
check,
family,
off,
wearing,
public,
transportation,
hour,
holding,
riding,
run,
horse,
paiting,
paint,
signing,
about,
laying,
shoes,
while,
place,
down,
attention,
breathe,
cooking,
dad,
father,
feet,
foot,
girl,
living,
setting,
chess,
clean,
club,
end,
fashion,
intersection,
motorcycles,
pictures,
women,
years,
zoo,
confer,
cellphone,
near,
performing,
hands,
giving,
blue,
young,
textbooks,
textiles,
behind,
sit,
past,
magic,
arms,
photos,
time,
fun,
upside,
lost,
put,
look,
lit,
straight,
hang,
shorts,
upright,
displays,
net,
bat,
lot,
period,
table,
stop,
back,
pain,
semicircle,
mop,
police,
makes,
band,
wine,
head,
do,
make,
play,
catch,
perform,
mouth,
match,
cover,
number,
watch,
close,
silver,
wake,
pose,
hide,
pass,
works
